-- MySQL dump 10.13  Distrib 8.0.42, for Win64 (x86_64)
--
-- Host: localhost    Database: polyglotpal
-- ------------------------------------------------------
-- Server version	8.0.42
-- Server version	8.0.42

CREATE DATABASE IF NOT EXISTS polyglotpal;
USE polyglotpal;


/*!40101 SET @OLD_CHARACTER_SET_CLIENT=@@CHARACTER_SET_CLIENT */;
/*!40101 SET @OLD_CHARACTER_SET_RESULTS=@@CHARACTER_SET_RESULTS */;
/*!40101 SET @OLD_COLLATION_CONNECTION=@@COLLATION_CONNECTION */;
/*!50503 SET NAMES utf8mb4 */;
/*!40103 SET @OLD_TIME_ZONE=@@TIME_ZONE */;
/*!40103 SET TIME_ZONE='+00:00' */;
/*!40014 SET @OLD_UNIQUE_CHECKS=@@UNIQUE_CHECKS, UNIQUE_CHECKS=0 */;
/*!40014 SET @OLD_FOREIGN_KEY_CHECKS=@@FOREIGN_KEY_CHECKS, FOREIGN_KEY_CHECKS=0 */;
/*!40101 SET @OLD_SQL_MODE=@@SQL_MODE, SQL_MODE='NO_AUTO_VALUE_ON_ZERO' */;
/*!40111 SET @OLD_SQL_NOTES=@@SQL_NOTES, SQL_NOTES=0 */;

--
-- Table structure for table `fill_in_blank_questions`
--

DROP TABLE IF EXISTS `fill_in_blank_questions`;
/*!40101 SET @saved_cs_client     = @@character_set_client */;
/*!50503 SET character_set_client = utf8mb4 */;
CREATE TABLE `fill_in_blank_questions` (
  `id` int NOT NULL AUTO_INCREMENT,
  `level` int NOT NULL,
  `question_number` int NOT NULL,
  `speaker_a_text` varchar(255) DEFAULT NULL,
  `speaker_b_text` varchar(255) DEFAULT NULL,
  `correct_answer` varchar(50) DEFAULT NULL,
  `option1` varchar(50) DEFAULT NULL,
  `option2` varchar(50) DEFAULT NULL,
  `option3` varchar(50) DEFAULT NULL,
  `explanation` text,
  `lang` varchar(20) DEFAULT 'trtoeng',
  PRIMARY KEY (`id`)
) ENGINE=InnoDB AUTO_INCREMENT=76 DEFAULT CHARSET=utf8mb4 COLLATE=utf8mb4_0900_ai_ci;
/*!40101 SET character_set_client = @saved_cs_client */;

--
-- Dumping data for table `fill_in_blank_questions`
--

LOCK TABLES `fill_in_blank_questions` WRITE;
/*!40000 ALTER TABLE `fill_in_blank_questions` DISABLE KEYS */;
INSERT INTO `fill_in_blank_questions` VALUES (1,1,1,'How _____ you?','I am fine, thank you.','are','are','is','has','We use \"are\" with \"you\" in questions.','trtoeng'),(2,1,2,'What _____ your name?','My name is Sarah.','is','is','are','am','We use \"is\" with singular nouns like \"name\".','trtoeng'),(3,1,3,'Where _____ you from?','I am from Turkey.','are','are','is','do','We use \"are\" with \"you\" when asking about origin.','trtoeng'),(4,2,1,'The book _____ by the author last year.','Yes, it was well received.','was written','was written','is writing','wrote','Passive voice in past tense: \"was written\" is correct.','trtoeng'),(5,2,2,'She _____ to the gym every morning.','That\'s healthy!','goes','go','goes','going','\"She\" takes third person singular: \"goes\" is correct.','trtoeng'),(6,2,3,'If I _____ earlier, I would have caught the train.','Bad luck!','had left','leave','had left','left','Past unreal conditional uses \"had + past participle\".','trtoeng'),(7,3,1,'Not only _____ late, but he also forgot the documents.','That\'s so unprofessional.','was he','he was','was he','did he was','Inverted structure after \"Not only\" requires \"was he\".','trtoeng'),(8,3,2,'They insisted that she _____ the meeting.','And she did.','attend','attends','attended','attend','Subjunctive mood requires base verb after \"insisted that\".','trtoeng'),(9,3,3,'Rarely _____ such an amazing performance.','It was unforgettable!','did I see','I saw','did I see','I have seen','Inversion required after \"Rarely\": \"did I see\".','trtoeng'),(10,4,1,'Were I in your position, I _____ differently.','Really? What would you do?','would act','will act','would act','acted','Inverted conditional: \"Were I\", then use \"would\".','trtoeng'),(11,4,2,'It is high time you _____ a decision.','Yes, I know.','made','make','made','have made','\"It is high time\" takes simple past for present meaning.','trtoeng'),(12,4,3,'No sooner had she arrived _____ it started raining.','Typical weather.','than','when','than','that','Correlative pair: \"No sooner... than\".','trtoeng'),(13,5,1,'Scarcely had I sat down _____ the phone rang.','That must be annoying.','when','when','than','before','\"Scarcely\" is followed by \"when\".','trtoeng'),(14,5,2,'Had he known, he _____ you.','But he didn’t know.','would have helped','would help','would have helped','will help','Third conditional inversion.','trtoeng'),(15,5,3,'Little _____ about the surprise party.','He was totally shocked.','did he know','he knew','knew he','did he know','\"Little\" at the beginning inverts the sentence.','trtoeng'),(16,1,1,'Wie _____ dir?','Ich bin gut, danke.','geht es','geht es','bist','sind','“Wie geht es dir?” means “How are you?”.','engtogr'),(17,1,2,'Wie _____ du?','Mein Name ist Anna.','ist','ist','sind','war','“Was ist dein Name?” uses “ist” (is).','engtogr'),(18,1,3,'Woher _____ du?','Ich komme aus Deutschland.','kommst','kommst','geht','bist','“Woher kommst du?” uses “kommst” with “du”.','engtogr'),(19,2,1,'Sie _____ jeden Tag zur Schule.','Sie geht jeden Tag zur Schule.','geht','geht','ging','gehe','“Geht” is the 3rd person singular form of “gehen”.','engtogr'),(20,2,2,'Sie _____ am Wochenende Fußball.','Sie spielen am Wochenende Fußball.','spielen','spielen','spielt','spielst','“Sie spielen” means “They play”.','engtogr'),(21,2,3,'Er _____ jetzt ein Buch.','Er liest jetzt ein Buch.','liest','liest','lesen','las','“Lesen” becomes “liest” for “er” (he).','engtogr'),(22,3,1,'Ich _____ meine Hausaufgaben vor dem Abendessen.','Ich machte meine Hausaufgaben vor dem Abendessen.','machte','machte','mache','macht','Simple past: “Ich machte” = I did.','engtogr'),(23,3,2,'Wir _____ letztes Jahr in Berlin.','Wir lebten letztes Jahr in Berlin.','lebten','lebten','leben','lebte','“Wir lebten” is past tense for “we lived”.','engtogr'),(24,3,3,'Du _____ gestern sehr müde.','Du warst gestern sehr müde.','warst','warst','bist','wurdest','“Warst” = past of “bist” (you were).','engtogr'),(25,4,1,'Wenn ich Zeit _____, würde ich dich besuchen.','Wenn ich Zeit hätte, würde ich dich besuchen.','hätte','hätte','habe','hatte','Konjunktiv II: “hätte” for hypothetical.','engtogr'),(26,4,2,'Es ist wichtig, dass er _____ ist.','Es ist wichtig, dass er hier ist.','ist','ist','sei','war','Subordinate clause: “dass er hier ist”.','engtogr'),(27,4,3,'Ich wünschte, ich _____ mehr Geld.','Ich wünschte, ich hätte mehr Geld.','hätte','hätte','habe','hatte','“Ich wünschte” requires Konjunktiv II: “hätte”.','engtogr'),(28,5,1,'Kaum _____ er eingetreten, da begann es.','Kaum war er eingetreten, da begann es.','war','war','ist','ging','Past perfect: “war eingetreten”.','engtogr'),(29,5,2,'Wenig _____ er über die Wahrheit.','Wenig wusste er über die Wahrheit.','wusste','wusste','weiß','kennen','Inversion: “Wenig wusste er...”','engtogr'),(30,5,3,'Hätte ich es gewusst, _____ ich geholfen.','Hätte ich es gewusst, hätte ich geholfen.','hätte','hätte','würde','habe','Konjunktiv II + past participle: “hätte geholfen”.','engtogr'),(31,1,1,'Wie _____ du?','Mir geht es gut, danke.','geht','geht','ist','hat','We use \"geht\" with \"du\" in questions.','engtoger'),(32,1,2,'Was _____ dein Name?','Mein Name ist Sarah.','ist','ist','bist','sind','We use \"ist\" for \"dein Name\".','engtoger'),(33,1,3,'Woher _____ du?','Ich komme aus der Türkei.','kommst','kommst','kommt','kommen','We use \"kommst\" with \"du\".','engtoger'),(34,2,1,'Das Buch _____ letztes Jahr vom Autor geschrieben.','Ja, es war sehr beliebt.','wurde','wurde','wird','schrieb','Passive in past tense: \"wurde\" is correct.','engtoger'),(35,2,2,'Sie _____ jeden Morgen ins Fitnessstudio.','Das ist gesund!','geht','geht','gehe','gehen','\"Sie\" takes third person singular: \"geht\".','engtoger'),(36,2,3,'Wenn ich früher _____, hätte ich den Zug erwischt.','Pech gehabt!','gegangen wäre','ging','gegangen wäre','gehe','Past unreal conditional uses \"wäre + Partizip II\".','engtoger'),(37,3,1,'Nicht nur _____ er zu spät, sondern er vergaß auch die Unterlagen.','Das ist unprofessionell.','kam','kam','hat gekommen','war gekommen','Use simple past \"kam\" after \"nicht nur\".','engtoger'),(38,3,2,'Sie bestand darauf, dass er _____.','Und das tat er.','kommt','kommt','käme','kam','Subjunctive required: \"kommt\" in informal reported speech.','engtoger'),(39,3,3,'Selten _____ ich so eine tolle Vorstellung.','Es war unvergesslich!','sah','sah','habe gesehen','sehe','Use inversion: \"Selten sah ich...\".','engtoger'),(40,4,1,'Wäre ich an deiner Stelle, _____ ich anders.','Wirklich? Was würdest du tun?','würde handeln','würde handeln','werde handeln','handelte','In inverted conditional, use \"würde + verb\".','engtoger'),(41,4,2,'Es wird Zeit, dass du _____ Entscheidung triffst.','Ja, ich weiß.','eine','eine','einen','der','\"Entscheidung\" is feminine, accusative: \"eine\".','engtoger'),(42,4,3,'Kaum war sie angekommen, _____ es zu regnen.','Typisches Wetter.','fing','fing','begann','regnet','Use \"fing ... an\" or \"begann\" in simple past.','engtoger'),(43,5,1,'Kaum hatte ich mich gesetzt, _____ klingelte das Telefon.','Das ist nervig.','da','da','schon','als','Correct structure: \"Kaum ... da\".','engtoger'),(44,5,2,'Hätte er es gewusst, _____ er dir geholfen.','Aber er wusste es nicht.','hätte','würde','hätte','wird','Third conditional uses \"hätte + Partizip II\".','engtoger'),(45,5,3,'Wenig _____ er über die Überraschungsparty.','Er war völlig überrascht.','wusste','wusste','hat gewusst','kannte','Use inversion after \"Wenig\": \"Wenig wusste er...\".','engtoger'),(46,1,1,'¿Cómo _____ tú?','Estoy bien, gracias.','estás','estás','es','eres','\"Estás\" is used with \"tú\" for asking how someone is.','engtospn'),(47,1,2,'¿Cuál _____ tu nombre?','Mi nombre es Ana.','es','es','eres','estás','\"Es\" is correct when asking for someone’s name.','engtospn'),(48,1,3,'¿De dónde _____ tú?','Soy de México.','eres','eres','estás','vienes','\"Eres\" is correct for origin with \"tú\".','engtospn'),(49,2,1,'El libro _____ por el autor el año pasado.','Sí, fue muy popular.','fue escrito','fue escrito','escribió','escribía','Passive voice in the past uses \"fue escrito\".','engtospn'),(50,2,2,'Ella _____ al gimnasio todas las mañanas.','¡Eso es saludable!','va','va','voy','van','\"Va\" is the third person singular of \"ir\".','engtospn'),(51,2,3,'Si yo _____ antes, habría llegado a tiempo.','Qué mala suerte.','hubiera salido','hubiera salido','salí','saliera','Use \"hubiera + participle\" in third conditional.','engtospn'),(52,3,1,'No solo _____ tarde, sino que también olvidó los documentos.','Eso fue irresponsable.','llegó','llegó','había llegado','llegaba','Use simple past \"llegó\" for past completed actions.','engtospn'),(53,3,2,'Insistieron en que ella _____ a la reunión.','Y ella fue.','asistiera','asistiera','asista','asistió','Subjunctive past \"asistiera\" is used after \"insistieron en que\".','engtospn'),(54,3,3,'Raramente _____ una actuación tan increíble.','¡Fue inolvidable!','he visto','he visto','vi','veo','\"He visto\" is correct for present perfect.','engtospn'),(55,4,1,'Si yo fuera tú, _____ algo diferente.','¿En serio? ¿Qué harías?','haría','haría','hago','harás','\"Haría\" is the conditional form used after \"si fuera\".','engtospn'),(56,4,2,'Ya es hora de que tú _____ una decisión.','Sí, lo sé.','tomes','tomes','tomaste','tomarás','Subjunctive \"tomes\" follows \"es hora de que\".','engtospn'),(57,4,3,'Apenas había llegado, _____ comenzó a llover.','Clásico clima.','cuando','cuando','entonces','mientras','Use \"cuando\" after time expressions like \"apenas\".','engtospn'),(58,5,1,'Apenas me senté, _____ sonó el teléfono.','Eso es molesto.','cuando','cuando','entonces','en ese momento','\"Cuando\" fits best in this time-related sentence.','engtospn'),(59,5,2,'Si él lo hubiera sabido, te _____ ayudado.','Pero no lo sabía.','habría','habría','hubiera','haría','Third conditional: \"habría + participle\".','engtospn'),(60,5,3,'Poco _____ sobre la fiesta sorpresa.','Estaba totalmente sorprendido.','sabía','sabía','conocía','entendía','Inversion structure with \"Poco sabía...\".','engtospn'),(61,1,1,'Nasılsın?','İyiyim, teşekkür ederim.','iyisin','iyisin','gideceksin','geldin','Common greeting question.','engtotr'),(62,1,2,'Adın ne?','Benim adım Ahmet.','ne','kim','ne','nerede','Personal identity question.','engtotr'),(63,1,3,'Nerelisin?','İzmirliyim.','Nerelisin','Nerelisin','Nasılsın','Nereye','Location-based question.','engtotr'),(64,2,1,'O her gün okula _____','Evet, disiplinlidir.','gidiyor','gidiyor','yazıyor','okuyor','Present continuous verb conjugation.','engtotr'),(65,2,2,'Onlar hafta sonları futbol _____','Evet, çok iyi oynarlar.','oynar','oynar','yazar','yüz','Simple present tense in plural.','engtotr'),(66,2,3,'Şu anda kitap _____','Evet, çok ilginç.','okuyor','okuyor','yürüyor','koşuyor','Present continuous with subject.','engtotr'),(67,3,1,'Akşam yemeğinden önce ödevimi _____','Aferin sana.','yaptım','yaptım','okudum','uyudum','Past tense in first person.','engtotr'),(68,3,2,'Geçen yıl İstanbul’da _____','Ne güzel!','yaşadık','yaşadık','geldik','uçtuk','Simple past with location.','engtotr'),(69,3,3,'Dün çok yorgun _____','Evet, fark ettim.','görünüyordun','görünüyordun','koşuyordun','yazıyordun','Past tense, 2nd person.','engtotr'),(70,4,1,'Zamanım olsaydı seni _____','Teşekkür ederim.','ziyaret ederdim','ziyaret ederdim','çağırırdım','beklerdim','Conditional past tense.','engtotr'),(71,4,2,'Onun burada olması _____','Evet, çok önemli.','önemli','önemli','anlamlı','yeterli','Importance expressed nominally.','engtotr'),(72,4,3,'Keşke daha çok param _____','Hayal kurmak güzel.','olsaydı','olsaydı','olurdu','gelirdi','Wishful thinking - unreal past.','engtotr'),(73,5,1,'O içeri girer girmez yağmur _____','Kötü zamandı.','başladı','başladı','durdu','bitti','Complex sentence with time.','engtotr'),(74,5,2,'Gerçeği _____ çok az şey biliyordu.','Ne yazık ki.','biliyordu','biliyordu','unutmuştu','görmüştü','Past knowledge.','engtotr'),(75,5,3,'Bilseydim sana _____','Gerçekten mi?','yardım ederdim','yardım ederdim','gitmezdim','aramazdım','Third conditional structure.','engtotr');
/*!40000 ALTER TABLE `fill_in_blank_questions` ENABLE KEYS */;
UNLOCK TABLES;

--
-- Table structure for table `grammar_questions`
--

DROP TABLE IF EXISTS `grammar_questions`;
/*!40101 SET @saved_cs_client     = @@character_set_client */;
/*!50503 SET character_set_client = utf8mb4 */;
CREATE TABLE `grammar_questions` (
  `id` int NOT NULL AUTO_INCREMENT,
  `level` int NOT NULL,
  `question` text NOT NULL,
  `option1` varchar(255) NOT NULL,
  `option2` varchar(255) NOT NULL,
  `option3` varchar(255) NOT NULL,
  `correct_answer` varchar(255) NOT NULL,
  `explanation` text NOT NULL,
  `image_url` text,
  `lang` varchar(20) DEFAULT 'trtoeng',
  PRIMARY KEY (`id`)
) ENGINE=InnoDB AUTO_INCREMENT=61 DEFAULT CHARSET=utf8mb4 COLLATE=utf8mb4_0900_ai_ci;
/*!40101 SET character_set_client = @saved_cs_client */;

--
-- Dumping data for table `grammar_questions`
--

LOCK TABLES `grammar_questions` WRITE;
/*!40000 ALTER TABLE `grammar_questions` DISABLE KEYS */;
INSERT INTO `grammar_questions` VALUES (1,1,'The dog is _____ the table.','under','on','in','under','We use \'under\' when something is below another object.','','trtoeng'),(2,1,'The ball is _____ the box.','on','in','beside','in','We say \'in\' when something is inside another object.','','trtoeng'),(3,1,'The cat is _____ the chair.','next to','under','in','next to','\'Next to\' means the cat is beside the chair, not under or inside.','','trtoeng'),(4,2,'The girl is _____ a book.','read','reading','reads','reading','We use \'is reading\' to describe what is happening now.','','trtoeng'),(5,2,'The boy is _____ a picture.','draw','drawing','draws','drawing','\'Is drawing\' is the present continuous form for now.','','trtoeng'),(6,2,'They are _____ a movie.','watch','watching','watches','watching','\'Are watching\' is the correct form for present continuous with \'they\'.','','trtoeng'),(7,3,'She _____ to school every day.','go','goes','going','goes','With \'she\', we add -es in present simple: \'goes\'.','','trtoeng'),(8,3,'The baby _____ when he\'s tired.','cry','cries','crying','cries','Singular subjects like \'baby\' take \'cries\'.','','trtoeng'),(9,3,'He _____ coffee in the morning.','drink','drinks','drinking','drinks','He/she/it + verb in simple present needs -s: \'drinks\'.','','trtoeng'),(10,4,'There is _____ apple on the plate.','a','an','the','an','We use \'an\' before vowel sounds like \'apple\'.','','trtoeng'),(11,4,'There are _____ books on the table.','some','any','a','some','Use \'some\' for countable plural nouns when the amount is unknown.','','trtoeng'),(12,4,'She is drinking _____ water.','some','many','a','some','\'Water\' is uncountable, so we use \'some\'.','','trtoeng'),(13,5,'He _____ a sandwich yesterday.','eats','ate','eating','ate','For past time like \'yesterday\', we use \'ate\'.','','trtoeng'),(14,5,'They _____ home late last night.','come','came','comes','came','\'Came\' is the past tense of \'come\'.','','trtoeng'),(15,5,'The cat _____ on the sofa now.','sleeps','is sleeping','sleep','is sleeping','Use \'is sleeping\' for actions happening now.','','trtoeng'),(16,1,'Der Hund ist _____ dem Tisch.','unter','auf','in','unter','„unter“ means under something.','','engtogr'),(17,1,'Der Ball ist _____ der Kiste.','auf','in','neben','in','„in“ means inside something.','','engtogr'),(18,1,'Die Katze ist _____ dem Stuhl.','neben','unter','in','neben','„neben“ means beside something.','','engtogr'),(19,2,'Das Mädchen _____ ein Buch.','lesen','liest','liestet','liest','Correct verb conjugation for “das Mädchen” is “liest”.','','engtogr'),(20,2,'Der Junge _____ ein Bild.','zeichnet','zeichnen','zeichne','zeichnet','Correct form is “zeichnet”.','','engtogr'),(21,2,'Sie _____ einen Film.','sehen','sieht','sehen sich','sehen','“Sie” (they) uses “sehen”.','','engtogr'),(22,3,'Er _____ zur Schule jeden Tag.','geht','gehe','gehen','geht','„geht“ is correct for „er“.','','engtogr'),(23,3,'Das Baby _____ wenn es müde ist.','weint','weinen','wein','weint','„Das Baby“ is singular, use „weint“.','','engtogr'),(24,3,'Er _____ morgens Kaffee.','trinkt','trinke','trinken','trinkt','Use „trinkt“ for „er“.','','engtogr'),(25,4,'Es gibt _____ Apfel auf dem Teller.','ein','eine','einen','einen','„Apfel“ is masculine accusative: „einen“.','','engtogr'),(26,4,'Es gibt _____ Bücher auf dem Tisch.','einige','viele','jede','einige','„Einige“ fits for plural nouns.','','engtogr'),(27,4,'Sie trinkt _____ Wasser.','etwas','viele','ein','etwas','„Wasser“ is uncountable; use „etwas“.','','engtogr'),(28,5,'Er _____ gestern ein Sandwich.','aß','essen','isst','aß','„aß“ is the past tense of „essen“.','','engtogr'),(29,5,'Sie _____ spät nach Hause.','kam','kommen','kommt','kam','„kam“ is past tense for “sie”.','','engtogr'),(30,5,'Die Katze _____ jetzt auf dem Sofa.','schläft','schlafen','ist schlafen','schläft','Use present tense: „schläft“.','','engtogr'),(31,1,'El perro está _____ la mesa.','debajo de','sobre','en','debajo de','“Debajo de” means under.','','engtospn'),(32,1,'La pelota está _____ la caja.','en','sobre','al lado de','en','“En” means inside.','','engtospn'),(33,1,'El gato está _____ la silla.','al lado de','debajo de','en','al lado de','“Al lado de” means next to.','','engtospn'),(34,2,'La niña está _____ un libro.','leer','leyendo','lee','leyendo','“Está leyendo” is present continuous.','','engtospn'),(35,2,'El niño está _____ un dibujo.','dibujar','dibujando','dibuja','dibujando','“Está dibujando” is present continuous.','','engtospn'),(36,2,'Ellos están _____ una película.','viendo','ver','ve','viendo','“Están viendo” is correct.','','engtospn'),(37,3,'Ella _____ a la escuela cada día.','va','ir','vas','va','“Va” is correct for “ella”.','','engtospn'),(38,3,'El bebé _____ cuando está cansado.','llora','llorar','llorando','llora','“Llora” is 3rd person singular.','','engtospn'),(39,3,'Él _____ café por la mañana.','bebe','beber','bebes','bebe','“Él bebe” is present tense.','','engtospn'),(40,4,'Hay _____ manzana en el plato.','una','un','la','una','“Manzana” is feminine.','','engtospn'),(41,4,'Hay _____ libros en la mesa.','algunos','muchos','el','algunos','Use “algunos” for unknown count.','','engtospn'),(42,4,'Ella está bebiendo _____ agua.','algo de','mucho','una','algo de','“Agua” is uncountable.','','engtospn'),(43,5,'Él _____ un sándwich ayer.','comió','come','comer','comió','“Comió” is past tense.','','engtospn'),(44,5,'Ellos _____ tarde a casa anoche.','llegaron','llegan','llegar','llegaron','“Llegaron” is preterite tense.','','engtospn'),(45,5,'El gato _____ en el sofá ahora.','está durmiendo','duerme','dormir','está durmiendo','Use “está durmiendo” for current action.','','engtospn'),(46,1,'Kalem defterin _____','üstünde','altında','içinde','üstünde','We say \"on\" when something rests above a surface.','','engtotr'),(47,1,'Ayakkabılar yatağın _____','yanında','altında','üstünde','altında','\"Under\" means below something.','','engtotr'),(48,1,'Köpek sandalyenin _____','yanında','üstünde','içinde','yanında','\"Beside\" or \"next to\" means nearby.','','engtotr'),(49,2,'Çocuk gitar _____','çalar','çalıyor','çalmak','çalıyor','We use present continuous for actions happening now.','','engtotr'),(50,2,'Onlar kahvaltı _____','yapıyor','yapar','yemek','yapıyor','\"Are doing\" or \"are having\" fits present actions.','','engtotr'),(51,2,'O televizyon _____','izliyor','izler','izlemek','izliyor','\"Is watching\" is used for current actions.','','engtotr'),(52,3,'O hafta sonları futbol _____','oynar','oynuyor','oynamak','oynar','We use present simple for regular activities.','','engtotr'),(53,3,'Kız kardeşim bir bankada _____','çalışır','çalışıyor','çalışmak','çalışır','\"Works\" is used in present simple.','','engtotr'),(54,3,'Öğretmen bir soru _____','sorar','sormak','soruyor','sorar','Simple present tense for habits or routines.','','engtotr'),(55,4,'Masada _____ portakal var.','bir','bir tane','birkaç','bir','\"Bir\" is used for one item.','','engtotr'),(56,4,'Parkta _____ insan var.','bazı','hiç','çok','bazı','\"Some\" means an unspecified amount.','','engtotr'),(57,4,'O biraz çay _____','içiyor','içer','içmek','içiyor','\"Is drinking\" is used for what’s happening now.','','engtotr'),(58,5,'Dün gece pizza _____','yedi','yer','yemek','yedi','Use past tense for completed actions.','','engtotr'),(59,5,'Dün bir film _____','izlediler','izliyorlar','izlemek','izlediler','Past tense is used with time indicators like \"yesterday\".','','engtotr'),(60,5,'Kedi şu anda masanın altında _____','uyuyor','uyur','uyumak','uyuyor','Present continuous shows ongoing action.','','engtotr');
/*!40000 ALTER TABLE `grammar_questions` ENABLE KEYS */;
UNLOCK TABLES;

--
-- Table structure for table `image_questions`
--

DROP TABLE IF EXISTS `image_questions`;
/*!40101 SET @saved_cs_client     = @@character_set_client */;
/*!50503 SET character_set_client = utf8mb4 */;
CREATE TABLE `image_questions` (
  `id` int NOT NULL AUTO_INCREMENT,
  `level` tinyint NOT NULL,
  `image_url` varchar(255) NOT NULL,
  `question_text` varchar(255) NOT NULL,
  `option_a` varchar(100) NOT NULL,
  `option_b` varchar(100) NOT NULL,
  `option_c` varchar(100) NOT NULL,
  `correct_option` varchar(100) NOT NULL,
  `lang` varchar(20) DEFAULT 'trtoeng',
  PRIMARY KEY (`id`)
) ENGINE=InnoDB AUTO_INCREMENT=61 DEFAULT CHARSET=utf8mb4 COLLATE=utf8mb4_0900_ai_ci;
/*!40101 SET character_set_client = @saved_cs_client */;

--
-- Dumping data for table `image_questions`
--

LOCK TABLES `image_questions` WRITE;
/*!40000 ALTER TABLE `image_questions` DISABLE KEYS */;
INSERT INTO `image_questions` VALUES (1,1,'https://upload.wikimedia.org/wikipedia/commons/1/15/Red_Apple.jpg','Which fruit is this?','Apple','Banana','Orange','Apple','trtoeng'),(2,1,'','What animal is in the image?','Cat','Rabbit','Dog','Dog','trtoeng'),(3,1,'','What type of vehicle is shown?','Taxi','Bus','Train','Taxi','trtoeng'),(4,2,'','Which animal is pictured?','Elephant','Horse','Cow','Elephant','trtoeng'),(5,2,'','Which fruit is sliced?','Apple','Banana','Kiwi','Kiwi','trtoeng'),(6,2,'','Which tool is shown?','Hammer','Wrench','Screwdriver','Hammer','trtoeng'),(7,3,'','Which electronic is pictured?','Tablet','Camera','Printer','Camera','trtoeng'),(8,3,'','What type of tree is this?','Pine','Oak','Palm','Palm','trtoeng'),(9,3,'','What weather condition is shown?','Rain','Snow','Fog','Snow','trtoeng'),(10,4,'','Which scene is this?','Beach','Mountain','Desert','Beach','trtoeng'),(11,4,'','What kind of pet is in the image?','Hamster','Parrot','Goldfish','Parrot','trtoeng'),(12,4,'','Which building is this?','Library','School','Hospital','School','trtoeng'),(13,5,'','Which musical instrument is this?','Guitar','Piano','Violin','Violin','trtoeng'),(14,5,'','What phenomenon is shown?','Aurora','Tornado','Rainbow','Aurora','trtoeng'),(15,5,'','What perspective is this photo taken from?','Top-down','Side-view','Low-angle','Top-down','trtoeng'),(16,1,'','Was ist auf dem Tisch?','Apfel','Stuhl','Auto','Apfel','engtogr'),(17,1,'','Welches Tier ist auf dem Bild?','Hund','Auto','Lampe','Hund','engtogr'),(18,1,'','Welche Farbe hat dieses Objekt?','Rot','Blau','Gelb','Rot','engtogr'),(19,2,'','Welches Fahrzeug sehen Sie?','Fahrrad','Zug','Banane','Zug','engtogr'),(20,2,'','Was ist das?','Computer','Hund','Kissen','Computer','engtogr'),(21,2,'','Was trägt die Person?','Hut','Stuhl','Tisch','Hut','engtogr'),(22,3,'','Welches Gebäude ist das?','Schule','Auto','Flasche','Schule','engtogr'),(23,3,'','Welches Getränk sehen Sie?','Wasser','Papier','Handy','Wasser','engtogr'),(24,3,'','Was für ein Wetter ist das?','Sonnig','Regen','Schnee','Sonnig','engtogr'),(25,4,'','Welche Sportart wird gezeigt?','Fußball','Schach','Telefonieren','Fußball','engtogr'),(26,4,'','Was benutzt man zum Schreiben?','Stift','Apfel','Fernseher','Stift','engtogr'),(27,4,'','Was ist das Möbelstück?','Sofa','Lampe','Katze','Sofa','engtogr'),(28,5,'','Welches Musikinstrument ist das?','Gitarre','Teller','Ball','Gitarre','engtogr'),(29,5,'','Was zeigt die Karte?','Deutschland','China','Pizza','Deutschland','engtogr'),(30,5,'','Was trägt die Frau?','Kleid','Fisch','Tasse','Kleid','engtogr'),(31,1,'','¿Qué hay en la mesa?','Manzana','Silla','Coche','Manzana','engtospn'),(32,1,'','¿Qué animal es este?','Perro','Avión','Lámpara','Perro','engtospn'),(33,1,'','¿De qué color es este objeto?','Rojo','Azul','Amarillo','Rojo','engtospn'),(34,2,'','¿Qué vehículo ves?','Bicicleta','Tren','Plátano','Tren','engtospn'),(35,2,'','¿Qué es esto?','Computadora','Perro','Cojín','Computadora','engtospn'),(36,2,'','¿Qué lleva la persona?','Sombrero','Silla','Mesa','Sombrero','engtospn'),(37,3,'','¿Qué edificio es este?','Escuela','Coche','Botella','Escuela','engtospn'),(38,3,'','¿Qué bebida ves?','Agua','Papel','Teléfono','Agua','engtospn'),(39,3,'','¿Qué clima hay?','Soleado','Lluvia','Nieve','Soleado','engtospn'),(40,4,'','¿Qué deporte es?','Fútbol','Ajedrez','Llamar','Fútbol','engtospn'),(41,4,'','¿Qué se usa para escribir?','Lápiz','Manzana','Televisor','Lápiz','engtospn'),(42,4,'','¿Qué mueble es?','Sofá','Lámpara','Gato','Sofá','engtospn'),(43,5,'','¿Qué instrumento musical es este?','Guitarra','Plato','Pelota','Guitarra','engtospn'),(44,5,'','¿Qué muestra el mapa?','España','China','Pizza','España','engtospn'),(45,5,'','¿Qué lleva la mujer?','Vestido','Pez','Taza','Vestido','engtospn'),(46,1,'','Defterin üstünde ne var?','Kalem','Kaşık','Telefon','Kalem','engtotr'),(47,1,'','Ayakkabılar nerede?','Yatağın üstünde','Yatağın altında','Yatağın yanında','Yatağın altında','engtotr'),(48,1,'','Köpek nerede?','Sandalyede','Sandalyenin içinde','Sandalyenin yanında','Sandalyenin yanında','engtotr'),(49,2,'','Çocuk ne yapıyor?','Çiziyor','Gitar çalıyor','Uyuyor','Gitar çalıyor','engtotr'),(50,2,'','Onlar ne yapıyor?','Kahvaltı ediyor','Kitap okuyor','Oyun oynuyor','Kahvaltı ediyor','engtotr'),(51,2,'','Kız ne yapıyor?','Televizyon izliyor','Uyuyor','Yazı yazıyor','Televizyon izliyor','engtotr'),(52,3,'','O ne oynuyor?','Tenis','Futbol','Basketbol','Futbol','engtotr'),(53,3,'','O nerede çalışıyor?','Evde','Bankada','Okulda','Bankada','engtotr'),(54,3,'','Öğretmen ne yapıyor?','Cevap veriyor','Koşuyor','Soru soruyor','Soru soruyor','engtotr'),(55,4,'','Masada ne var?','Elma','Portakal','Armut','Portakal','engtotr'),(56,4,'','Parkta kimler var?','Kimse yok','Bazı insanlar','Sadece köpekler','Bazı insanlar','engtotr'),(57,4,'','Adam ne içiyor?','Çay','Meyve suyu','Süt','Çay','engtotr'),(58,5,'','Kadın ne yedi?','Burger','Pizza','Makarna','Pizza','engtotr'),(59,5,'','Onlar ne izledi?','Film','Futbol','Haber','Film','engtotr'),(60,5,'','Kedi ne yapıyor?','Zıplıyor','Yiyor','Uyuyor','Uyuyor','engtotr');
/*!40000 ALTER TABLE `image_questions` ENABLE KEYS */;
UNLOCK TABLES;

--
-- Table structure for table `progress`
--

DROP TABLE IF EXISTS `progress`;
/*!40101 SET @saved_cs_client     = @@character_set_client */;
/*!50503 SET character_set_client = utf8mb4 */;
CREATE TABLE `progress` (
  `id` int NOT NULL AUTO_INCREMENT,
  `user_id` int NOT NULL,
  `activity_type` varchar(50) NOT NULL,
  `level` int NOT NULL,
  `score` int DEFAULT '0',
  `completed` tinyint(1) DEFAULT '0',
  `updated_at` timestamp NULL DEFAULT CURRENT_TIMESTAMP ON UPDATE CURRENT_TIMESTAMP,
  `lang` varchar(20) DEFAULT 'trtoeng',
  PRIMARY KEY (`id`),
  UNIQUE KEY `unique_progress` (`user_id`,`activity_type`,`level`,`lang`),
  CONSTRAINT `progress_ibfk_1` FOREIGN KEY (`user_id`) REFERENCES `users` (`id`)
) ENGINE=InnoDB AUTO_INCREMENT=658 DEFAULT CHARSET=utf8mb4 COLLATE=utf8mb4_0900_ai_ci;
/*!40101 SET character_set_client = @saved_cs_client */;

--
-- Dumping data for table `progress`
--

LOCK TABLES `progress` WRITE;
/*!40000 ALTER TABLE `progress` DISABLE KEYS */;
INSERT INTO `progress` VALUES (1,1,'fill_in_blank',1,3,1,'2025-06-13 15:36:22','trtoeng'),(2,1,'grammar',1,3,1,'2025-06-14 11:29:59','trtoeng'),(3,1,'vocabulary',1,18,1,'2025-06-13 15:48:28','trtoeng'),(4,1,'image_based',1,0,0,'2025-06-12 16:23:22','trtoeng'),(5,1,'sentences',1,3,1,'2025-06-13 15:34:10','trtoeng'),(6,2,'fill_in_blank',1,3,1,'2025-06-14 11:43:48','trtoeng'),(7,2,'grammar',1,0,0,'2025-06-12 16:23:22','trtoeng'),(8,2,'vocabulary',1,18,1,'2025-06-14 11:44:27','trtoeng'),(9,2,'image_based',1,0,0,'2025-06-12 16:23:22','trtoeng'),(10,2,'sentences',1,0,0,'2025-06-12 16:23:22','trtoeng'),(11,3,'fill_in_blank',1,3,1,'2025-06-13 15:18:04','trtoeng'),(12,3,'grammar',1,3,1,'2025-06-14 06:17:09','trtoeng'),(13,3,'vocabulary',1,18,1,'2025-06-14 11:54:19','trtoeng'),(14,3,'image_based',1,3,1,'2025-06-14 05:31:14','trtoeng'),(15,3,'sentences',1,3,1,'2025-06-14 04:57:37','trtoeng'),(16,4,'fill_in_blank',1,3,1,'2025-06-14 10:46:55','trtoeng'),(17,4,'grammar',1,3,1,'2025-06-14 11:45:48','trtoeng'),(18,4,'vocabulary',1,0,0,'2025-06-12 16:23:22','trtoeng'),(19,4,'image_based',1,0,0,'2025-06-12 16:23:22','trtoeng'),(20,4,'sentences',1,0,0,'2025-06-12 16:23:22','trtoeng'),(34,1,'fill_in_blank',2,3,1,'2025-06-13 15:36:33','trtoeng'),(35,1,'fill_in_blank',3,3,1,'2025-06-14 11:22:43','trtoeng'),(36,1,'fill_in_blank',4,3,1,'2025-06-14 11:29:43','trtoeng'),(37,1,'fill_in_blank',5,0,0,'2025-06-12 16:23:22','trtoeng'),(38,1,'grammar',2,0,0,'2025-06-12 16:23:22','trtoeng'),(39,1,'grammar',3,0,0,'2025-06-12 16:23:22','trtoeng'),(40,1,'grammar',4,0,0,'2025-06-12 16:23:22','trtoeng'),(41,1,'grammar',5,0,0,'2025-06-12 16:23:22','trtoeng'),(42,1,'vocabulary',2,18,1,'2025-06-13 15:49:06','trtoeng'),(43,1,'vocabulary',3,2,0,'2025-06-13 15:49:31','trtoeng'),(44,1,'vocabulary',4,0,0,'2025-06-12 16:23:22','trtoeng'),(45,1,'vocabulary',5,0,0,'2025-06-12 16:23:22','trtoeng'),(46,1,'image_based',2,0,0,'2025-06-12 16:23:22','trtoeng'),(47,1,'image_based',3,0,0,'2025-06-12 16:23:22','trtoeng'),(48,1,'image_based',4,0,0,'2025-06-12 16:23:22','trtoeng'),(49,1,'image_based',5,0,0,'2025-06-12 16:23:22','trtoeng'),(50,1,'sentences',2,3,1,'2025-06-13 15:34:32','trtoeng'),(51,1,'sentences',3,3,1,'2025-06-13 15:35:20','trtoeng'),(52,1,'sentences',4,3,1,'2025-06-13 15:47:31','trtoeng'),(53,1,'sentences',5,0,0,'2025-06-12 16:23:22','trtoeng'),(54,2,'fill_in_blank',2,0,0,'2025-06-12 16:23:22','trtoeng'),(55,2,'fill_in_blank',3,0,0,'2025-06-12 16:23:22','trtoeng'),(56,2,'fill_in_blank',4,0,0,'2025-06-12 16:23:22','trtoeng'),(57,2,'fill_in_blank',5,0,0,'2025-06-12 16:23:22','trtoeng'),(58,2,'grammar',2,0,0,'2025-06-12 16:23:22','trtoeng'),(59,2,'grammar',3,0,0,'2025-06-12 16:23:22','trtoeng'),(60,2,'grammar',4,0,0,'2025-06-12 16:23:22','trtoeng'),(61,2,'grammar',5,0,0,'2025-06-12 16:23:22','trtoeng'),(62,2,'vocabulary',2,0,0,'2025-06-12 16:23:22','trtoeng'),(63,2,'vocabulary',3,0,0,'2025-06-12 16:23:22','trtoeng'),(64,2,'vocabulary',4,0,0,'2025-06-12 16:23:22','trtoeng'),(65,2,'vocabulary',5,0,0,'2025-06-12 16:23:22','trtoeng'),(66,2,'image_based',2,0,0,'2025-06-12 16:23:22','trtoeng'),(67,2,'image_based',3,0,0,'2025-06-12 16:23:22','trtoeng'),(68,2,'image_based',4,0,0,'2025-06-12 16:23:22','trtoeng'),(69,2,'image_based',5,0,0,'2025-06-12 16:23:22','trtoeng'),(70,2,'sentences',2,0,0,'2025-06-12 16:23:22','trtoeng'),(71,2,'sentences',3,0,0,'2025-06-12 16:23:22','trtoeng'),(72,2,'sentences',4,0,0,'2025-06-12 16:23:22','trtoeng'),(73,2,'sentences',5,0,0,'2025-06-12 16:23:22','trtoeng'),(74,3,'fill_in_blank',2,3,1,'2025-06-13 15:18:19','trtoeng'),(75,3,'fill_in_blank',3,3,1,'2025-06-14 06:03:54','trtoeng'),(76,3,'fill_in_blank',4,3,1,'2025-06-14 10:29:15','trtoeng'),(77,3,'fill_in_blank',5,0,0,'2025-06-13 15:17:33','trtoeng'),(78,3,'grammar',2,3,1,'2025-06-14 06:17:32','trtoeng'),(79,3,'grammar',3,3,1,'2025-06-14 06:19:23','trtoeng'),(80,3,'grammar',4,3,1,'2025-06-14 06:19:38','trtoeng'),(81,3,'grammar',5,3,1,'2025-06-14 06:19:44','trtoeng'),(82,3,'vocabulary',2,0,0,'2025-06-13 15:17:33','trtoeng'),(83,3,'vocabulary',3,0,0,'2025-06-13 15:17:33','trtoeng'),(84,3,'vocabulary',4,0,0,'2025-06-12 16:23:22','trtoeng'),(85,3,'vocabulary',5,0,0,'2025-06-12 16:23:22','trtoeng'),(86,3,'image_based',2,3,1,'2025-06-14 05:32:00','trtoeng'),(87,3,'image_based',3,3,1,'2025-06-14 05:36:32','trtoeng'),(88,3,'image_based',4,3,1,'2025-06-14 05:36:47','trtoeng'),(89,3,'image_based',5,0,0,'2025-06-12 16:23:22','trtoeng'),(90,3,'sentences',2,0,1,'2025-06-13 15:20:22','trtoeng'),(91,3,'sentences',3,0,1,'2025-06-13 15:20:33','trtoeng'),(92,3,'sentences',4,0,1,'2025-06-13 15:20:41','trtoeng'),(93,3,'sentences',5,1,1,'2025-06-13 15:23:10','trtoeng'),(94,4,'fill_in_blank',2,0,0,'2025-06-12 16:23:22','trtoeng'),(95,4,'fill_in_blank',3,0,0,'2025-06-12 16:23:22','trtoeng'),(96,4,'fill_in_blank',4,0,0,'2025-06-12 16:23:22','trtoeng'),(97,4,'fill_in_blank',5,0,0,'2025-06-12 16:23:22','trtoeng'),(98,4,'grammar',2,0,0,'2025-06-12 16:23:22','trtoeng'),(99,4,'grammar',3,0,0,'2025-06-12 16:23:22','trtoeng'),(100,4,'grammar',4,0,0,'2025-06-12 16:23:22','trtoeng'),(101,4,'grammar',5,0,0,'2025-06-12 16:23:22','trtoeng'),(102,4,'vocabulary',2,0,0,'2025-06-12 16:23:22','trtoeng'),(103,4,'vocabulary',3,0,0,'2025-06-12 16:23:22','trtoeng'),(104,4,'vocabulary',4,0,0,'2025-06-12 16:23:22','trtoeng'),(105,4,'vocabulary',5,0,0,'2025-06-12 16:23:22','trtoeng'),(106,4,'image_based',2,0,0,'2025-06-12 16:23:22','trtoeng'),(107,4,'image_based',3,0,0,'2025-06-12 16:23:22','trtoeng'),(108,4,'image_based',4,0,0,'2025-06-12 16:23:22','trtoeng'),(109,4,'image_based',5,0,0,'2025-06-12 16:23:22','trtoeng'),(110,4,'sentences',2,0,0,'2025-06-12 16:23:22','trtoeng'),(111,4,'sentences',3,0,0,'2025-06-12 16:23:22','trtoeng'),(112,4,'sentences',4,0,0,'2025-06-12 16:23:22','trtoeng'),(113,4,'sentences',5,0,0,'2025-06-12 16:23:22','trtoeng'),(254,3,'image',1,3,1,'2025-06-14 05:25:34','trtoeng'),(384,1,'fill_in_blank',1,3,1,'2025-06-14 11:27:52','engtogr'),(385,1,'fill_in_blank',2,3,1,'2025-06-14 11:28:14','engtogr'),(386,1,'fill_in_blank',3,3,1,'2025-06-14 11:33:52','engtogr'),(387,1,'fill_in_blank',4,3,1,'2025-06-14 11:34:06','engtogr'),(388,1,'fill_in_blank',5,0,0,'2025-06-14 09:36:29','engtogr'),(389,1,'vocabulary',1,0,0,'2025-06-14 09:36:29','engtogr'),(390,1,'vocabulary',2,0,0,'2025-06-14 09:36:29','engtogr'),(391,1,'vocabulary',3,0,0,'2025-06-14 09:36:29','engtogr'),(392,1,'vocabulary',4,0,0,'2025-06-14 09:36:29','engtogr'),(393,1,'vocabulary',5,0,0,'2025-06-14 09:36:29','engtogr'),(394,1,'sentences',1,3,1,'2025-06-14 12:48:40','engtogr'),(395,1,'sentences',2,1,0,'2025-06-14 12:48:53','engtogr'),(396,1,'sentences',3,0,0,'2025-06-14 09:36:29','engtogr'),(397,1,'sentences',4,0,0,'2025-06-14 09:36:29','engtogr'),(398,1,'sentences',5,0,0,'2025-06-14 09:36:29','engtogr'),(399,1,'image_based',1,0,0,'2025-06-14 09:36:29','engtogr'),(400,1,'image_based',2,0,0,'2025-06-14 09:36:29','engtogr'),(401,1,'image_based',3,0,0,'2025-06-14 09:36:29','engtogr'),(402,1,'image_based',4,0,0,'2025-06-14 09:36:29','engtogr'),(403,1,'image_based',5,0,0,'2025-06-14 09:36:29','engtogr'),(404,1,'grammar',1,3,1,'2025-06-14 12:05:45','engtogr'),(405,1,'grammar',2,0,0,'2025-06-14 09:36:29','engtogr'),(406,1,'grammar',3,0,0,'2025-06-14 09:36:29','engtogr'),(407,1,'grammar',4,0,0,'2025-06-14 09:36:29','engtogr'),(408,1,'grammar',5,0,0,'2025-06-14 09:36:29','engtogr'),(409,2,'fill_in_blank',1,3,1,'2025-06-14 11:42:33','engtogr'),(410,2,'fill_in_blank',2,3,1,'2025-06-14 11:42:42','engtogr'),(411,2,'fill_in_blank',3,3,1,'2025-06-14 11:42:48','engtogr'),(412,2,'fill_in_blank',4,0,0,'2025-06-14 09:36:29','engtogr'),(413,2,'fill_in_blank',5,0,0,'2025-06-14 09:36:29','engtogr'),(414,2,'vocabulary',1,0,0,'2025-06-14 09:36:29','engtogr'),(415,2,'vocabulary',2,0,0,'2025-06-14 09:36:29','engtogr'),(416,2,'vocabulary',3,0,0,'2025-06-14 09:36:29','engtogr'),(417,2,'vocabulary',4,0,0,'2025-06-14 09:36:29','engtogr'),(418,2,'vocabulary',5,0,0,'2025-06-14 09:36:29','engtogr'),(419,2,'sentences',1,3,1,'2025-06-14 11:43:32','engtogr'),(420,2,'sentences',2,0,0,'2025-06-14 09:36:29','engtogr'),(421,2,'sentences',3,0,0,'2025-06-14 09:36:29','engtogr'),(422,2,'sentences',4,0,0,'2025-06-14 09:36:29','engtogr'),(423,2,'sentences',5,0,0,'2025-06-14 09:36:29','engtogr'),(424,2,'image_based',1,3,1,'2025-06-14 11:42:56','engtogr'),(425,2,'image_based',2,0,0,'2025-06-14 09:36:29','engtogr'),(426,2,'image_based',3,0,0,'2025-06-14 09:36:29','engtogr'),(427,2,'image_based',4,0,0,'2025-06-14 09:36:29','engtogr'),(428,2,'image_based',5,0,0,'2025-06-14 09:36:29','engtogr'),(429,2,'grammar',1,3,1,'2025-06-14 11:43:14','engtogr'),(430,2,'grammar',2,0,0,'2025-06-14 09:36:29','engtogr'),(431,2,'grammar',3,0,0,'2025-06-14 09:36:29','engtogr'),(432,2,'grammar',4,0,0,'2025-06-14 09:36:29','engtogr'),(433,2,'grammar',5,0,0,'2025-06-14 09:36:29','engtogr'),(434,3,'fill_in_blank',1,2,0,'2025-06-14 11:17:09','engtogr'),(435,3,'fill_in_blank',2,3,1,'2025-06-14 09:45:52','engtogr'),(436,3,'fill_in_blank',3,3,1,'2025-06-14 10:31:09','engtogr'),(437,3,'fill_in_blank',4,0,0,'2025-06-14 09:36:29','engtogr'),(438,3,'fill_in_blank',5,0,0,'2025-06-14 09:36:29','engtogr'),(439,3,'vocabulary',1,18,1,'2025-06-14 11:20:25','engtogr'),(440,3,'vocabulary',2,0,0,'2025-06-14 09:36:29','engtogr'),(441,3,'vocabulary',3,0,0,'2025-06-14 09:36:29','engtogr'),(442,3,'vocabulary',4,0,0,'2025-06-14 09:36:29','engtogr'),(443,3,'vocabulary',5,0,0,'2025-06-14 09:36:29','engtogr'),(444,3,'sentences',1,3,1,'2025-06-14 10:34:37','engtogr'),(445,3,'sentences',2,3,1,'2025-06-14 11:18:52','engtogr'),(446,3,'sentences',3,0,0,'2025-06-14 09:36:29','engtogr'),(447,3,'sentences',4,0,0,'2025-06-14 09:36:29','engtogr'),(448,3,'sentences',5,0,0,'2025-06-14 09:36:29','engtogr'),(449,3,'image_based',1,0,0,'2025-06-14 11:17:37','engtogr'),(450,3,'image_based',2,0,0,'2025-06-14 09:36:29','engtogr'),(451,3,'image_based',3,0,0,'2025-06-14 09:36:29','engtogr'),(452,3,'image_based',4,0,0,'2025-06-14 09:36:29','engtogr'),(453,3,'image_based',5,0,0,'2025-06-14 09:36:29','engtogr'),(454,3,'grammar',1,3,1,'2025-06-14 11:17:23','engtogr'),(455,3,'grammar',2,0,0,'2025-06-14 11:17:30','engtogr'),(456,3,'grammar',3,0,0,'2025-06-14 09:36:29','engtogr'),(457,3,'grammar',4,0,0,'2025-06-14 09:36:29','engtogr'),(458,3,'grammar',5,0,0,'2025-06-14 09:36:29','engtogr'),(459,4,'fill_in_blank',1,0,0,'2025-06-14 09:36:29','engtogr'),(460,4,'fill_in_blank',2,0,0,'2025-06-14 09:36:29','engtogr'),(461,4,'fill_in_blank',3,0,0,'2025-06-14 09:36:29','engtogr'),(462,4,'fill_in_blank',4,0,0,'2025-06-14 09:36:29','engtogr'),(463,4,'fill_in_blank',5,0,0,'2025-06-14 09:36:29','engtogr'),(464,4,'vocabulary',1,0,0,'2025-06-14 09:36:29','engtogr'),(465,4,'vocabulary',2,0,0,'2025-06-14 09:36:29','engtogr'),(466,4,'vocabulary',3,0,0,'2025-06-14 09:36:29','engtogr'),(467,4,'vocabulary',4,0,0,'2025-06-14 09:36:29','engtogr'),(468,4,'vocabulary',5,0,0,'2025-06-14 09:36:29','engtogr'),(469,4,'sentences',1,0,0,'2025-06-14 09:36:29','engtogr'),(470,4,'sentences',2,0,0,'2025-06-14 09:36:29','engtogr'),(471,4,'sentences',3,0,0,'2025-06-14 09:36:29','engtogr'),(472,4,'sentences',4,0,0,'2025-06-14 09:36:29','engtogr'),(473,4,'sentences',5,0,0,'2025-06-14 09:36:29','engtogr'),(474,4,'image_based',1,0,0,'2025-06-14 09:36:29','engtogr'),(475,4,'image_based',2,0,0,'2025-06-14 09:36:29','engtogr'),(476,4,'image_based',3,0,0,'2025-06-14 09:36:29','engtogr'),(477,4,'image_based',4,0,0,'2025-06-14 09:36:29','engtogr'),(478,4,'image_based',5,0,0,'2025-06-14 09:36:29','engtogr'),(479,4,'grammar',1,0,0,'2025-06-14 09:36:29','engtogr'),(480,4,'grammar',2,0,0,'2025-06-14 09:36:29','engtogr'),(481,4,'grammar',3,0,0,'2025-06-14 09:36:29','engtogr'),(482,4,'grammar',4,0,0,'2025-06-14 09:36:29','engtogr'),(483,4,'grammar',5,0,0,'2025-06-14 09:36:29','engtogr'),(484,1,'fill_in_blank',1,0,0,'2025-06-14 09:37:24','engtospn'),(485,1,'fill_in_blank',2,0,0,'2025-06-14 09:37:24','engtospn'),(486,1,'fill_in_blank',3,0,0,'2025-06-14 09:37:24','engtospn'),(487,1,'fill_in_blank',4,0,0,'2025-06-14 09:37:24','engtospn'),(488,1,'fill_in_blank',5,0,0,'2025-06-14 09:37:24','engtospn'),(489,1,'vocabulary',1,0,0,'2025-06-14 09:37:24','engtospn'),(490,1,'vocabulary',2,0,0,'2025-06-14 09:37:24','engtospn'),(491,1,'vocabulary',3,0,0,'2025-06-14 09:37:24','engtospn'),(492,1,'vocabulary',4,0,0,'2025-06-14 09:37:24','engtospn'),(493,1,'vocabulary',5,0,0,'2025-06-14 09:37:24','engtospn'),(494,1,'sentences',1,3,1,'2025-06-14 11:24:26','engtospn'),(495,1,'sentences',2,3,1,'2025-06-14 11:25:29','engtospn'),(496,1,'sentences',3,0,0,'2025-06-14 09:37:24','engtospn'),(497,1,'sentences',4,0,0,'2025-06-14 09:37:24','engtospn'),(498,1,'sentences',5,0,0,'2025-06-14 09:37:24','engtospn'),(499,1,'image_based',1,0,0,'2025-06-14 09:37:24','engtospn'),(500,1,'image_based',2,0,0,'2025-06-14 09:37:24','engtospn'),(501,1,'image_based',3,0,0,'2025-06-14 09:37:24','engtospn'),(502,1,'image_based',4,0,0,'2025-06-14 09:37:24','engtospn'),(503,1,'image_based',5,0,0,'2025-06-14 09:37:24','engtospn'),(504,1,'grammar',1,0,0,'2025-06-14 09:37:24','engtospn'),(505,1,'grammar',2,0,0,'2025-06-14 09:37:24','engtospn'),(506,1,'grammar',3,0,0,'2025-06-14 09:37:24','engtospn'),(507,1,'grammar',4,0,0,'2025-06-14 09:37:24','engtospn'),(508,1,'grammar',5,0,0,'2025-06-14 09:37:24','engtospn'),(509,2,'fill_in_blank',1,0,0,'2025-06-14 09:37:24','engtospn'),(510,2,'fill_in_blank',2,0,0,'2025-06-14 09:37:24','engtospn'),(511,2,'fill_in_blank',3,0,0,'2025-06-14 09:37:24','engtospn'),(512,2,'fill_in_blank',4,0,0,'2025-06-14 09:37:24','engtospn'),(513,2,'fill_in_blank',5,0,0,'2025-06-14 09:37:24','engtospn'),(514,2,'vocabulary',1,0,0,'2025-06-14 09:37:24','engtospn'),(515,2,'vocabulary',2,0,0,'2025-06-14 09:37:24','engtospn'),(516,2,'vocabulary',3,0,0,'2025-06-14 09:37:24','engtospn'),(517,2,'vocabulary',4,0,0,'2025-06-14 09:37:24','engtospn'),(518,2,'vocabulary',5,0,0,'2025-06-14 09:37:24','engtospn'),(519,2,'sentences',1,0,0,'2025-06-14 09:37:24','engtospn'),(520,2,'sentences',2,0,0,'2025-06-14 09:37:24','engtospn'),(521,2,'sentences',3,0,0,'2025-06-14 09:37:24','engtospn'),(522,2,'sentences',4,0,0,'2025-06-14 09:37:24','engtospn'),(523,2,'sentences',5,0,0,'2025-06-14 09:37:24','engtospn'),(524,2,'image_based',1,0,0,'2025-06-14 09:37:24','engtospn'),(525,2,'image_based',2,0,0,'2025-06-14 09:37:24','engtospn'),(526,2,'image_based',3,0,0,'2025-06-14 09:37:24','engtospn'),(527,2,'image_based',4,0,0,'2025-06-14 09:37:24','engtospn'),(528,2,'image_based',5,0,0,'2025-06-14 09:37:24','engtospn'),(529,2,'grammar',1,0,0,'2025-06-14 09:37:24','engtospn'),(530,2,'grammar',2,0,0,'2025-06-14 09:37:24','engtospn'),(531,2,'grammar',3,0,0,'2025-06-14 09:37:24','engtospn'),(532,2,'grammar',4,0,0,'2025-06-14 09:37:24','engtospn'),(533,2,'grammar',5,0,0,'2025-06-14 09:37:24','engtospn'),(534,3,'fill_in_blank',1,3,1,'2025-06-14 09:40:23','engtospn'),(535,3,'fill_in_blank',2,0,0,'2025-06-14 09:37:24','engtospn'),(536,3,'fill_in_blank',3,0,0,'2025-06-14 09:37:24','engtospn'),(537,3,'fill_in_blank',4,0,0,'2025-06-14 09:37:24','engtospn'),(538,3,'fill_in_blank',5,0,0,'2025-06-14 09:37:24','engtospn'),(539,3,'vocabulary',1,0,0,'2025-06-14 09:37:24','engtospn'),(540,3,'vocabulary',2,0,0,'2025-06-14 09:37:24','engtospn'),(541,3,'vocabulary',3,0,0,'2025-06-14 09:37:24','engtospn'),(542,3,'vocabulary',4,0,0,'2025-06-14 09:37:24','engtospn'),(543,3,'vocabulary',5,0,0,'2025-06-14 09:37:24','engtospn'),(544,3,'sentences',1,3,1,'2025-06-14 12:59:31','engtospn'),(545,3,'sentences',2,0,0,'2025-06-14 09:37:24','engtospn'),(546,3,'sentences',3,0,0,'2025-06-14 09:37:24','engtospn'),(547,3,'sentences',4,0,0,'2025-06-14 09:37:24','engtospn'),(548,3,'sentences',5,0,0,'2025-06-14 09:37:24','engtospn'),(549,3,'image_based',1,0,0,'2025-06-14 09:37:24','engtospn'),(550,3,'image_based',2,0,0,'2025-06-14 09:37:24','engtospn'),(551,3,'image_based',3,0,0,'2025-06-14 09:37:24','engtospn'),(552,3,'image_based',4,0,0,'2025-06-14 09:37:24','engtospn'),(553,3,'image_based',5,0,0,'2025-06-14 09:37:24','engtospn'),(554,3,'grammar',1,0,0,'2025-06-14 09:37:24','engtospn'),(555,3,'grammar',2,0,0,'2025-06-14 09:37:24','engtospn'),(556,3,'grammar',3,0,0,'2025-06-14 09:37:24','engtospn'),(557,3,'grammar',4,0,0,'2025-06-14 09:37:24','engtospn'),(558,3,'grammar',5,0,0,'2025-06-14 09:37:24','engtospn'),(559,4,'fill_in_blank',1,3,1,'2025-06-14 11:45:10','engtospn'),(560,4,'fill_in_blank',2,3,1,'2025-06-14 11:45:18','engtospn'),(561,4,'fill_in_blank',3,1,0,'2025-06-14 11:45:25','engtospn'),(562,4,'fill_in_blank',4,0,0,'2025-06-14 09:37:24','engtospn'),(563,4,'fill_in_blank',5,0,0,'2025-06-14 09:37:24','engtospn'),(564,4,'vocabulary',1,0,0,'2025-06-14 09:37:24','engtospn'),(565,4,'vocabulary',2,0,0,'2025-06-14 09:37:24','engtospn'),(566,4,'vocabulary',3,0,0,'2025-06-14 09:37:24','engtospn'),(567,4,'vocabulary',4,0,0,'2025-06-14 09:37:24','engtospn'),(568,4,'vocabulary',5,0,0,'2025-06-14 09:37:24','engtospn'),(569,4,'sentences',1,0,0,'2025-06-14 09:37:24','engtospn'),(570,4,'sentences',2,0,0,'2025-06-14 09:37:24','engtospn'),(571,4,'sentences',3,0,0,'2025-06-14 09:37:24','engtospn'),(572,4,'sentences',4,0,0,'2025-06-14 09:37:24','engtospn'),(573,4,'sentences',5,0,0,'2025-06-14 09:37:24','engtospn'),(574,4,'image_based',1,0,0,'2025-06-14 09:37:24','engtospn'),(575,4,'image_based',2,0,0,'2025-06-14 09:37:24','engtospn'),(576,4,'image_based',3,0,0,'2025-06-14 09:37:24','engtospn'),(577,4,'image_based',4,0,0,'2025-06-14 09:37:24','engtospn'),(578,4,'image_based',5,0,0,'2025-06-14 09:37:24','engtospn'),(579,4,'grammar',1,0,0,'2025-06-14 09:37:24','engtospn'),(580,4,'grammar',2,0,0,'2025-06-14 09:37:24','engtospn'),(581,4,'grammar',3,0,0,'2025-06-14 09:37:24','engtospn'),(582,4,'grammar',4,0,0,'2025-06-14 09:37:24','engtospn'),(583,4,'grammar',5,0,0,'2025-06-14 09:37:24','engtospn'),(585,3,'fill_in_blank',2,3,1,'2025-06-14 09:45:34','undefined'),(586,3,'fill_in_blank',1,3,1,'2025-06-14 09:41:53','engtotr'),(588,3,'fill_in_blank',3,3,1,'2025-06-14 09:47:28','undefined'),(589,3,'fill_in_blank',4,3,1,'2025-06-14 09:43:48','undefined'),(590,3,'fill_in_blank',5,1,0,'2025-06-14 09:44:01','undefined'),(591,3,'grammar',1,3,1,'2025-06-14 09:44:14','undefined'),(592,3,'grammar',2,3,1,'2025-06-14 09:44:39','undefined'),(647,3,'vocabulary',1,8,0,'2025-06-14 12:02:15','engtotr'),(650,1,'fill_in_blank',1,3,1,'2025-06-14 12:42:40','engtotr'),(651,1,'fill_in_blank',2,3,1,'2025-06-14 12:42:58','engtotr'),(654,1,'grammar',1,3,1,'2025-06-14 12:58:06','engtotr');
/*!40000 ALTER TABLE `progress` ENABLE KEYS */;
UNLOCK TABLES;

--
-- Table structure for table `sentences_questions`
--

DROP TABLE IF EXISTS `sentences_questions`;
/*!40101 SET @saved_cs_client     = @@character_set_client */;
/*!50503 SET character_set_client = utf8mb4 */;
CREATE TABLE `sentences_questions` (
  `id` int NOT NULL AUTO_INCREMENT,
  `level` int NOT NULL,
  `question_id` varchar(20) NOT NULL,
  `target` text NOT NULL,
  `hint` text NOT NULL,
  `lang` varchar(20) DEFAULT 'trtoeng',
  PRIMARY KEY (`id`),
  UNIQUE KEY `question_id` (`question_id`)
) ENGINE=InnoDB AUTO_INCREMENT=61 DEFAULT CHARSET=utf8mb4 COLLATE=utf8mb4_0900_ai_ci;
/*!40101 SET character_set_client = @saved_cs_client */;

--
-- Dumping data for table `sentences_questions`
--

LOCK TABLES `sentences_questions` WRITE;
/*!40000 ALTER TABLE `sentences_questions` DISABLE KEYS */;
INSERT INTO `sentences_questions` VALUES (1,1,'l1_q1','What is your name?','A question asking for someone\'s name','trtoeng'),(2,1,'l1_q2','I like apples.','Expressing food preference','trtoeng'),(3,1,'l1_q3','She is a doctor.','Stating someone\'s profession','trtoeng'),(4,2,'l2_q1','They are playing football.','Describing a group doing an activity','trtoeng'),(5,2,'l2_q2','He went to the market yesterday.','Describing a past activity','trtoeng'),(6,2,'l2_q3','The sun rises in the east.','A fact about nature','trtoeng'),(7,3,'l3_q1','The red book is on the table.','Location of a colored object','trtoeng'),(8,3,'l3_q2','I saw a dog near the park.','Talking about an observation in a location','trtoeng'),(9,3,'l3_q3','She wears a blue jacket in winter.','Habitual action tied to season','trtoeng'),(10,4,'l4_q1','I wanted to go outside, but it was raining.','Conflict between desire and weather','trtoeng'),(11,4,'l4_q2','He studied hard, and he passed the exam.','Cause-effect relationship','trtoeng'),(12,4,'l4_q3','You can have tea or coffee.','Offering a choice','trtoeng'),(13,5,'l5_q1','Although it was late, they continued working.','Continuing work despite the time','trtoeng'),(14,5,'l5_q2','If you study every day, you will improve quickly.','Conditional improvement','trtoeng'),(15,5,'l5_q3','The man who lives next door is a musician.','Describing someone using a relative clause','trtoeng'),(16,1,'l1_q1_ger','Wie heißt du?','Asking someone’s name','engtogr'),(17,1,'l1_q2_ger','Ich mag Äpfel.','Expressing food preference','engtogr'),(18,1,'l1_q3_ger','Sie ist Ärztin.','Stating someone’s profession','engtogr'),(19,2,'l2_q1_ger','Sie spielen Fußball.','Group doing an activity','engtogr'),(20,2,'l2_q2_ger','Er ging gestern zum Markt.','Describing a past activity','engtogr'),(21,2,'l2_q3_ger','Die Sonne geht im Osten auf.','Stating a general fact','engtogr'),(22,3,'l3_q1_ger','Das rote Buch liegt auf dem Tisch.','Describing object location','engtogr'),(23,3,'l3_q2_ger','Ich sah einen Hund im Park.','Observing something nearby','engtogr'),(24,3,'l3_q3_ger','Im Winter trägt sie eine blaue Jacke.','Seasonal habit','engtogr'),(25,4,'l4_q1_ger','Ich wollte rausgehen, aber es regnete.','Desire vs. weather','engtogr'),(26,4,'l4_q2_ger','Er hat viel gelernt und die Prüfung bestanden.','Cause-effect','engtogr'),(27,4,'l4_q3_ger','Du kannst Tee oder Kaffee haben.','Offering a choice','engtogr'),(28,5,'l5_q1_ger','Obwohl es spät war, arbeiteten sie weiter.','Continuing despite obstacle','engtogr'),(29,5,'l5_q2_ger','Wenn du täglich lernst, wirst du dich schnell verbessern.','Conditional sentence','engtogr'),(30,5,'l5_q3_ger','Der Mann, der nebenan wohnt, ist Musiker.','Using a relative clause','engtogr'),(31,1,'l1_q1_spn','¿Cómo te llamas?','Asking someone’s name','engtospn'),(32,1,'l1_q2_spn','Me gustan las manzanas.','Expressing food preference','engtospn'),(33,1,'l1_q3_spn','Ella es doctora.','Stating someone’s profession','engtospn'),(34,2,'l2_q1_spn','Ellos están jugando fútbol.','Group doing an activity','engtospn'),(35,2,'l2_q2_spn','Él fue al mercado ayer.','Describing a past activity','engtospn'),(36,2,'l2_q3_spn','El sol sale por el este.','Stating a general fact','engtospn'),(37,3,'l3_q1_spn','El libro rojo está sobre la mesa.','Describing object location','engtospn'),(38,3,'l3_q2_spn','Vi un perro cerca del parque.','Observing something nearby','engtospn'),(39,3,'l3_q3_spn','Ella lleva una chaqueta azul en invierno.','Seasonal habit','engtospn'),(40,4,'l4_q1_spn','Quería salir, pero estaba lloviendo.','Desire vs. weather','engtospn'),(41,4,'l4_q2_spn','Estudió mucho y aprobó el examen.','Cause-effect','engtospn'),(42,4,'l4_q3_spn','Puedes tomar té o café.','Offering a choice','engtospn'),(43,5,'l5_q1_spn','Aunque era tarde, siguieron trabajando.','Continuing despite obstacle','engtospn'),(44,5,'l5_q2_spn','Si estudias cada día, mejorarás rápido.','Conditional sentence','engtospn'),(45,5,'l5_q3_spn','El hombre que vive al lado es músico.','Using a relative clause','engtospn'),(46,1,'l1_q1_tr','Adın ne?','Asking someone’s name','engtotr'),(47,1,'l1_q2_tr','Elma severim.','Expressing food preference','engtotr'),(48,1,'l1_q3_tr','O bir doktor.','Stating someone’s profession','engtotr'),(49,2,'l2_q1_tr','Onlar futbol oynuyor.','Describing a group doing an activity','engtotr'),(50,2,'l2_q2_tr','O dün pazara gitti.','Describing a past activity','engtotr'),(51,2,'l2_q3_tr','Güneş doğudan doğar.','A fact about nature','engtotr'),(52,3,'l3_q1_tr','Kırmızı kitap masanın üstünde.','Location of a colored object','engtotr'),(53,3,'l3_q2_tr','Parkın yakınında bir köpek gördüm.','Talking about an observation in a location','engtotr'),(54,3,'l3_q3_tr','Kışın mavi ceket giyer.','Habitual action tied to season','engtotr'),(55,4,'l4_q1_tr','Dışarı çıkmak istedim ama yağmur yağıyordu.','Conflict between desire and weather','engtotr'),(56,4,'l4_q2_tr','Çok çalıştı ve sınavı geçti.','Cause-effect relationship','engtotr'),(57,4,'l4_q3_tr','Çay veya kahve alabilirsin.','Offering a choice','engtotr'),(58,5,'l5_q1_tr','Geç olmasına rağmen çalışmaya devam ettiler.','Continuing work despite the time','engtotr'),(59,5,'l5_q2_tr','Her gün çalışırsan hızlıca ilerlersin.','Conditional improvement','engtotr'),(60,5,'l5_q3_tr','Yan dairede oturan adam bir müzisyen.','Describing someone using a relative clause','engtotr');
/*!40000 ALTER TABLE `sentences_questions` ENABLE KEYS */;
UNLOCK TABLES;

--
-- Table structure for table `users`
--

DROP TABLE IF EXISTS `users`;
/*!40101 SET @saved_cs_client     = @@character_set_client */;
/*!50503 SET character_set_client = utf8mb4 */;
CREATE TABLE `users` (
  `id` int NOT NULL AUTO_INCREMENT,
  `name` varchar(50) NOT NULL,
  `email` varchar(100) NOT NULL,
  `password` varchar(100) NOT NULL,
  PRIMARY KEY (`id`),
  UNIQUE KEY `email` (`email`)
) ENGINE=InnoDB AUTO_INCREMENT=5 DEFAULT CHARSET=utf8mb4 COLLATE=utf8mb4_0900_ai_ci;
/*!40101 SET character_set_client = @saved_cs_client */;

--
-- Dumping data for table `users`
--

LOCK TABLES `users` WRITE;
/*!40000 ALTER TABLE `users` DISABLE KEYS */;
INSERT INTO `users` VALUES (1,'Emir Efe Ulusoy','emir@example.com','emir123'),(2,'Hammet Polat','hammet@example.com','hammet123'),(3,'Berkan Bayrak','berkan@example.com','berkan123'),(4,'Elif Üstünel','elif@example.com','elif123');
/*!40000 ALTER TABLE `users` ENABLE KEYS */;
UNLOCK TABLES;

--
-- Table structure for table `vocabulary_questions`
--

DROP TABLE IF EXISTS `vocabulary_questions`;
/*!40101 SET @saved_cs_client     = @@character_set_client */;
/*!50503 SET character_set_client = utf8mb4 */;
CREATE TABLE `vocabulary_questions` (
  `id` int NOT NULL AUTO_INCREMENT,
  `question_id` int NOT NULL,
  `level` int NOT NULL,
  `source_word` varchar(100) NOT NULL,
  `target_word` varchar(100) NOT NULL,
  `lang` varchar(20) DEFAULT 'trtoeng',
  PRIMARY KEY (`id`)
) ENGINE=InnoDB AUTO_INCREMENT=406 DEFAULT CHARSET=utf8mb4 COLLATE=utf8mb4_0900_ai_ci;
/*!40101 SET character_set_client = @saved_cs_client */;

--
-- Dumping data for table `vocabulary_questions`
--

LOCK TABLES `vocabulary_questions` WRITE;
/*!40000 ALTER TABLE `vocabulary_questions` DISABLE KEYS */;
INSERT INTO `vocabulary_questions` VALUES (1,1,1,'Hello','Merhaba','trtoeng'),(2,1,1,'Goodbye','Hoşçakal','trtoeng'),(3,1,1,'Please','Lütfen','trtoeng'),(4,1,1,'Thank you','Teşekkürler','trtoeng'),(5,1,1,'Yes','Evet','trtoeng'),(6,1,1,'No','Hayır','trtoeng'),(7,2,1,'Morning','Sabah','trtoeng'),(8,2,1,'Night','Gece','trtoeng'),(9,2,1,'Sorry','Üzgünüm','trtoeng'),(10,2,1,'Excuse me','Afedersiniz','trtoeng'),(11,2,1,'Hi','Selam','trtoeng'),(12,2,1,'Bye','Bay bay','trtoeng'),(13,3,1,'Good','İyi','trtoeng'),(14,3,1,'Bad','Kötü','trtoeng'),(15,3,1,'Okay','Tamam','trtoeng'),(16,3,1,'Later','Sonra','trtoeng'),(17,3,1,'Now','Şimdi','trtoeng'),(18,3,1,'Again','Yeniden','trtoeng'),(19,1,2,'One','Bir','trtoeng'),(20,1,2,'Two','İki','trtoeng'),(21,1,2,'Three','Üç','trtoeng'),(22,1,2,'Four','Dört','trtoeng'),(23,1,2,'Five','Beş','trtoeng'),(24,1,2,'Six','Altı','trtoeng'),(25,2,2,'Book','Kitap','trtoeng'),(26,2,2,'Pen','Kalem','trtoeng'),(27,2,2,'Table','Masa','trtoeng'),(28,2,2,'Chair','Sandalye','trtoeng'),(29,2,2,'Bag','Çanta','trtoeng'),(30,2,2,'Notebook','Defter','trtoeng'),(31,3,2,'Phone','Telefon','trtoeng'),(32,3,2,'Door','Kapı','trtoeng'),(33,3,2,'Window','Pencere','trtoeng'),(34,3,2,'Light','Işık','trtoeng'),(35,3,2,'Computer','Bilgisayar','trtoeng'),(36,3,2,'TV','Televizyon','trtoeng'),(37,1,3,'Eat','Yemek','trtoeng'),(38,1,3,'Drink','İçmek','trtoeng'),(39,1,3,'Go','Gitmek','trtoeng'),(40,1,3,'Come','Gelmek','trtoeng'),(41,1,3,'Sleep','Uyumak','trtoeng'),(42,1,3,'Wake','Uyanmak','trtoeng'),(43,2,3,'Read','Okumak','trtoeng'),(44,2,3,'Write','Yazmak','trtoeng'),(45,2,3,'Listen','Dinlemek','trtoeng'),(46,2,3,'Speak','Konuşmak','trtoeng'),(47,2,3,'See','Görmek','trtoeng'),(48,2,3,'Watch','İzlemek','trtoeng'),(49,3,3,'Walk','Yürümek','trtoeng'),(50,3,3,'Run','Koşmak','trtoeng'),(51,3,3,'Open','Açmak','trtoeng'),(52,3,3,'Close','Kapatmak','trtoeng'),(53,3,3,'Turn on','Açmak','trtoeng'),(54,3,3,'Turn off','Kapatmak','trtoeng'),(55,1,4,'Happy','Mutlu','trtoeng'),(56,1,4,'Sad','Üzgün','trtoeng'),(57,1,4,'Angry','Kızgın','trtoeng'),(58,1,4,'Excited','Heyecanlı','trtoeng'),(59,1,4,'Bored','Sıkılmış','trtoeng'),(60,1,4,'Tired','Yorgun','trtoeng'),(61,2,4,'Beautiful','Güzel','trtoeng'),(62,2,4,'Ugly','Çirkin','trtoeng'),(63,2,4,'Big','Büyük','trtoeng'),(64,2,4,'Small','Küçük','trtoeng'),(65,2,4,'Strong','Güçlü','trtoeng'),(66,2,4,'Weak','Zayıf','trtoeng'),(67,3,4,'Hot','Sıcak','trtoeng'),(68,3,4,'Cold','Soğuk','trtoeng'),(69,3,4,'Fast','Hızlı','trtoeng'),(70,3,4,'Slow','Yavaş','trtoeng'),(71,3,4,'Clean','Temiz','trtoeng'),(72,3,4,'Dirty','Kirli','trtoeng'),(73,1,5,'Idea','Fikir','trtoeng'),(74,1,5,'Thought','Düşünce','trtoeng'),(75,1,5,'Dream','Rüya','trtoeng'),(76,1,5,'Hope','Umut','trtoeng'),(77,1,5,'Fear','Korku','trtoeng'),(78,1,5,'Love','Aşk','trtoeng'),(79,2,5,'Because','Çünkü','trtoeng'),(80,2,5,'Although','Her ne kadar','trtoeng'),(81,2,5,'If','Eğer','trtoeng'),(82,2,5,'When','Ne zaman','trtoeng'),(83,2,5,'While','İken','trtoeng'),(84,2,5,'So that','Böylece','trtoeng'),(85,3,5,'Always','Her zaman','trtoeng'),(86,3,5,'Never','Asla','trtoeng'),(87,3,5,'Sometimes','Bazen','trtoeng'),(88,3,5,'Often','Sık sık','trtoeng'),(89,3,5,'Rarely','Nadiren','trtoeng'),(90,3,5,'Usually','Genellikle','trtoeng'),(91,1,1,'Hello','Hallo','engtogr'),(92,1,1,'Goodbye','Auf Wiedersehen','engtogr'),(93,1,1,'Please','Bitte','engtogr'),(94,1,1,'Thank you','Danke','engtogr'),(95,1,1,'Yes','Ja','engtogr'),(96,1,1,'No','Nein','engtogr'),(97,2,1,'Morning','Morgen','engtogr'),(98,2,1,'Night','Nacht','engtogr'),(99,2,1,'Sorry','Entschuldigung','engtogr'),(100,2,1,'Excuse me','Verzeihung','engtogr'),(101,2,1,'Hi','Hi','engtogr'),(102,2,1,'Bye','Tschüss','engtogr'),(103,3,1,'Good','Gut','engtogr'),(104,3,1,'Bad','Schlecht','engtogr'),(105,3,1,'Okay','Okay','engtogr'),(106,3,1,'Later','Später','engtogr'),(107,3,1,'Now','Jetzt','engtogr'),(108,3,1,'Again','Wieder','engtogr'),(109,1,2,'One','Eins','engtogr'),(110,1,2,'Two','Zwei','engtogr'),(111,1,2,'Three','Drei','engtogr'),(112,1,2,'Four','Vier','engtogr'),(113,1,2,'Five','Fünf','engtogr'),(114,1,2,'Six','Sechs','engtogr'),(115,2,2,'Book','Buch','engtogr'),(116,2,2,'Pen','Stift','engtogr'),(117,2,2,'Table','Tisch','engtogr'),(118,2,2,'Chair','Stuhl','engtogr'),(119,2,2,'Bag','Tasche','engtogr'),(120,2,2,'Notebook','Notizbuch','engtogr'),(121,3,2,'Phone','Telefon','engtogr'),(122,3,2,'Door','Tür','engtogr'),(123,3,2,'Window','Fenster','engtogr'),(124,3,2,'Light','Licht','engtogr'),(125,3,2,'Computer','Computer','engtogr'),(126,3,2,'TV','Fernseher','engtogr'),(127,1,3,'Eat','Essen','engtogr'),(128,1,3,'Drink','Trinken','engtogr'),(129,1,3,'Go','Gehen','engtogr'),(130,1,3,'Come','Kommen','engtogr'),(131,1,3,'Sleep','Schlafen','engtogr'),(132,1,3,'Wake','Aufwachen','engtogr'),(133,2,3,'Read','Lesen','engtogr'),(134,2,3,'Write','Schreiben','engtogr'),(135,2,3,'Listen','Zuhören','engtogr'),(136,2,3,'Speak','Sprechen','engtogr'),(137,2,3,'See','Sehen','engtogr'),(138,2,3,'Watch','Schauen','engtogr'),(139,3,3,'Walk','Laufen','engtogr'),(140,3,3,'Run','Rennen','engtogr'),(141,3,3,'Open','Öffnen','engtogr'),(142,3,3,'Close','Schließen','engtogr'),(143,3,3,'Turn on','Einschalten','engtogr'),(144,3,3,'Turn off','Ausschalten','engtogr'),(145,1,4,'Happy','Glücklich','engtogr'),(146,1,4,'Sad','Traurig','engtogr'),(147,1,4,'Angry','Wütend','engtogr'),(148,1,4,'Excited','Aufgeregt','engtogr'),(149,1,4,'Bored','Gelangweilt','engtogr'),(150,1,4,'Tired','Müde','engtogr'),(151,2,4,'Beautiful','Schön','engtogr'),(152,2,4,'Ugly','Hässlich','engtogr'),(153,2,4,'Big','Groß','engtogr'),(154,2,4,'Small','Klein','engtogr'),(155,2,4,'Strong','Stark','engtogr'),(156,2,4,'Weak','Schwach','engtogr'),(157,3,4,'Hot','Heiß','engtogr'),(158,3,4,'Cold','Kalt','engtogr'),(159,3,4,'Fast','Schnell','engtogr'),(160,3,4,'Slow','Langsam','engtogr'),(161,3,4,'Clean','Sauber','engtogr'),(162,3,4,'Dirty','Schmutzig','engtogr'),(163,1,5,'Idea','Idee','engtogr'),(164,1,5,'Thought','Gedanke','engtogr'),(165,1,5,'Dream','Traum','engtogr'),(166,1,5,'Hope','Hoffnung','engtogr'),(167,1,5,'Fear','Angst','engtogr'),(168,1,5,'Love','Liebe','engtogr'),(169,2,5,'Because','Weil','engtogr'),(170,2,5,'Although','Obwohl','engtogr'),(171,2,5,'If','Wenn','engtogr'),(172,2,5,'When','Wann','engtogr'),(173,2,5,'While','Während','engtogr'),(174,2,5,'So that','Damit','engtogr'),(175,3,5,'Always','Immer','engtogr'),(176,3,5,'Never','Nie','engtogr'),(177,3,5,'Sometimes','Manchmal','engtogr'),(178,3,5,'Often','Oft','engtogr'),(179,3,5,'Rarely','Selten','engtogr'),(180,3,5,'Usually','Gewöhnlich','engtogr'),(226,1,1,'Hello','Hola','engtospn'),(227,1,1,'Goodbye','Adiós','engtospn'),(228,1,1,'Please','Por favor','engtospn'),(229,1,1,'Thank you','Gracias','engtospn'),(230,1,1,'Yes','Sí','engtospn'),(231,1,1,'No','No','engtospn'),(232,2,1,'Morning','Mañana','engtospn'),(233,2,1,'Night','Noche','engtospn'),(234,2,1,'Sorry','Lo siento','engtospn'),(235,2,1,'Excuse me','Perdón','engtospn'),(236,2,1,'Hi','Hola','engtospn'),(237,2,1,'Bye','Chao','engtospn'),(238,3,1,'Good','Bueno','engtospn'),(239,3,1,'Bad','Malo','engtospn'),(240,3,1,'Okay','Vale','engtospn'),(241,3,1,'Later','Luego','engtospn'),(242,3,1,'Now','Ahora','engtospn'),(243,3,1,'Again','Otra vez','engtospn'),(244,1,2,'One','Uno','engtospn'),(245,1,2,'Two','Dos','engtospn'),(246,1,2,'Three','Tres','engtospn'),(247,1,2,'Four','Cuatro','engtospn'),(248,1,2,'Five','Cinco','engtospn'),(249,1,2,'Six','Seis','engtospn'),(250,2,2,'Book','Libro','engtospn'),(251,2,2,'Pen','Bolígrafo','engtospn'),(252,2,2,'Table','Mesa','engtospn'),(253,2,2,'Chair','Silla','engtospn'),(254,2,2,'Bag','Bolsa','engtospn'),(255,2,2,'Notebook','Cuaderno','engtospn'),(256,3,2,'Phone','Teléfono','engtospn'),(257,3,2,'Door','Puerta','engtospn'),(258,3,2,'Window','Ventana','engtospn'),(259,3,2,'Light','Luz','engtospn'),(260,3,2,'Computer','Computadora','engtospn'),(261,3,2,'TV','Televisión','engtospn'),(262,1,3,'Eat','Comer','engtospn'),(263,1,3,'Drink','Beber','engtospn'),(264,1,3,'Go','Ir','engtospn'),(265,1,3,'Come','Venir','engtospn'),(266,1,3,'Sleep','Dormir','engtospn'),(267,1,3,'Wake','Despertar','engtospn'),(268,2,3,'Read','Leer','engtospn'),(269,2,3,'Write','Escribir','engtospn'),(270,2,3,'Listen','Escuchar','engtospn'),(271,2,3,'Speak','Hablar','engtospn'),(272,2,3,'See','Ver','engtospn'),(273,2,3,'Watch','Mirar','engtospn'),(274,3,3,'Walk','Caminar','engtospn'),(275,3,3,'Run','Correr','engtospn'),(276,3,3,'Open','Abrir','engtospn'),(277,3,3,'Close','Cerrar','engtospn'),(278,3,3,'Turn on','Encender','engtospn'),(279,3,3,'Turn off','Apagar','engtospn'),(280,1,4,'Happy','Feliz','engtospn'),(281,1,4,'Sad','Triste','engtospn'),(282,1,4,'Angry','Enojado','engtospn'),(283,1,4,'Excited','Emocionado','engtospn'),(284,1,4,'Bored','Aburrido','engtospn'),(285,1,4,'Tired','Cansado','engtospn'),(286,2,4,'Beautiful','Hermoso','engtospn'),(287,2,4,'Ugly','Feo','engtospn'),(288,2,4,'Big','Grande','engtospn'),(289,2,4,'Small','Pequeño','engtospn'),(290,2,4,'Strong','Fuerte','engtospn'),(291,2,4,'Weak','Débil','engtospn'),(292,3,4,'Hot','Caliente','engtospn'),(293,3,4,'Cold','Frío','engtospn'),(294,3,4,'Fast','Rápido','engtospn'),(295,3,4,'Slow','Lento','engtospn'),(296,3,4,'Clean','Limpio','engtospn'),(297,3,4,'Dirty','Sucio','engtospn'),(298,1,5,'Idea','Idea','engtospn'),(299,1,5,'Thought','Pensamiento','engtospn'),(300,1,5,'Dream','Sueño','engtospn'),(301,1,5,'Hope','Esperanza','engtospn'),(302,1,5,'Fear','Miedo','engtospn'),(303,1,5,'Love','Amor','engtospn'),(304,2,5,'Because','Porque','engtospn'),(305,2,5,'Although','Aunque','engtospn'),(306,2,5,'If','Si','engtospn'),(307,2,5,'When','Cuando','engtospn'),(308,2,5,'While','Mientras','engtospn'),(309,2,5,'So that','Para que','engtospn'),(310,3,5,'Always','Siempre','engtospn'),(311,3,5,'Never','Nunca','engtospn'),(312,3,5,'Sometimes','A veces','engtospn'),(313,3,5,'Often','A menudo','engtospn'),(314,3,5,'Rarely','Raramente','engtospn'),(315,3,5,'Usually','Usualmente','engtospn'),(316,1,1,'Circle','Daire','engtotr'),(317,1,1,'Glass','Bardak','engtotr'),(318,1,1,'Train','Tren','engtotr'),(319,1,1,'Storm','Fırtına','engtotr'),(320,1,1,'Hat','Şapka','engtotr'),(321,1,1,'Dot','Nokta','engtotr'),(322,2,1,'Night','Gece','engtotr'),(323,2,1,'Plate','Tabak','engtotr'),(324,2,1,'Snow','Kar','engtotr'),(325,2,1,'Sunday','Pazar','engtotr'),(326,2,1,'Garden','Bahçe','engtotr'),(327,2,1,'Napkin','Peçete','engtotr'),(328,3,1,'Card','Kart','engtotr'),(329,3,1,'Bicycle','Bisiklet','engtotr'),(330,3,1,'Board','Tahta','engtotr'),(331,3,1,'Exam','Sınav','engtotr'),(332,3,1,'Square','Kare','engtotr'),(333,3,1,'Homework','Ödev','engtotr'),(334,1,2,'Wall','Duvar','engtotr'),(335,1,2,'Farmer','Çiftçi','engtotr'),(336,1,2,'Boat','Tekne','engtotr'),(337,1,2,'Ball','Top','engtotr'),(338,1,2,'River','Nehir','engtotr'),(339,1,2,'Tower','Kule','engtotr'),(340,2,2,'Puzzle','Bulmaca','engtotr'),(341,2,2,'Lawyer','Avukat','engtotr'),(342,2,2,'Bread','Ekmek','engtotr'),(343,2,2,'Castle','Kale','engtotr'),(344,2,2,'Leaf','Yaprak','engtotr'),(345,2,2,'Thunder','Gök gürültüsü','engtotr'),(346,3,2,'School','Okul','engtotr'),(347,3,2,'Cheese','Peynir','engtotr'),(348,3,2,'Scene','Sahne','engtotr'),(349,3,2,'Toy','Oyuncak','engtotr'),(350,3,2,'Sky','Gökyüzü','engtotr'),(351,3,2,'Class','Sınıf','engtotr'),(352,1,3,'Wind','Rüzgar','engtotr'),(353,1,3,'Knife','Bıçak','engtotr'),(354,1,3,'Feather','Tüy','engtotr'),(355,1,3,'Movie','Film','engtotr'),(356,1,3,'Mirror','Ayna','engtotr'),(357,1,3,'Rain','Yağmur','engtotr'),(358,2,3,'Ocean','Okyanus','engtotr'),(359,2,3,'Spoon','Kaşık','engtotr'),(360,2,3,'Afternoon','Öğleden sonra','engtotr'),(361,2,3,'Shirt','Gömlek','engtotr'),(362,2,3,'Candle','Mum','engtotr'),(363,2,3,'Shoes','Ayakkabı','engtotr'),(364,3,3,'Actor','Oyuncu','engtotr'),(365,3,3,'Socks','Çorap','engtotr'),(366,3,3,'Field','Tarla','engtotr'),(367,3,3,'Lightning','Şimşek','engtotr'),(368,3,3,'Island','Ada','engtotr'),(369,3,3,'Bottle','Şişe','engtotr'),(370,1,4,'Color','Renk','engtotr'),(371,1,4,'Dance','Dans','engtotr'),(372,1,4,'Mountain','Dağ','engtotr'),(373,1,4,'Friday','Cuma','engtotr'),(374,1,4,'Salt','Tuz','engtotr'),(375,1,4,'Path','Patika','engtotr'),(376,2,4,'Gate','Kapı','engtotr'),(377,2,4,'Jacket','Ceket','engtotr'),(378,2,4,'Cloud','Bulut','engtotr'),(379,2,4,'Village','Köy','engtotr'),(380,2,4,'Thunder','Gök gürültüsü','engtotr'),(381,2,4,'Wednesday','Çarşamba','engtotr'),(382,3,4,'Bridge','Köprü','engtotr'),(383,3,4,'Artist','Sanatçı','engtotr'),(384,3,4,'Student','Öğrenci','engtotr'),(385,3,4,'Saturday','Cumartesi','engtotr'),(386,3,4,'Forest','Orman','engtotr'),(387,3,4,'Engineer','Mühendis','engtotr'),(388,1,5,'Thursday','Perşembe','engtotr'),(389,1,5,'Tuesday','Salı','engtotr'),(390,1,5,'Monday','Pazartesi','engtotr'),(391,1,5,'Shape','Şekil','engtotr'),(392,1,5,'Line','Çizgi','engtotr'),(393,1,5,'Doctor','Doktor','engtotr'),(394,2,5,'Worker','İşçi','engtotr'),(395,2,5,'Evening','Akşam','engtotr'),(396,2,5,'Hill','Tepe','engtotr'),(397,2,5,'Palace','Saray','engtotr'),(398,2,5,'Midnight','Gece yarısı','engtotr'),(399,2,5,'Pepper','Biber','engtotr'),(400,3,5,'Song','Şarkı','engtotr'),(401,3,5,'Teacher','Öğretmen','engtotr'),(402,3,5,'Afternoon','Öğleden sonra','engtotr'),(403,3,5,'Morning','Sabah','engtotr'),(404,3,5,'Game','Oyun','engtotr'),(405,3,5,'Cave','Mağara','engtotr');
/*!40000 ALTER TABLE `vocabulary_questions` ENABLE KEYS */;
UNLOCK TABLES;
/*!40103 SET TIME_ZONE=@OLD_TIME_ZONE */;

/*!40101 SET SQL_MODE=@OLD_SQL_MODE */;
/*!40014 SET FOREIGN_KEY_CHECKS=@OLD_FOREIGN_KEY_CHECKS */;
/*!40014 SET UNIQUE_CHECKS=@OLD_UNIQUE_CHECKS */;
/*!40101 SET CHARACTER_SET_CLIENT=@OLD_CHARACTER_SET_CLIENT */;
/*!40101 SET CHARACTER_SET_RESULTS=@OLD_CHARACTER_SET_RESULTS */;
/*!40101 SET COLLATION_CONNECTION=@OLD_COLLATION_CONNECTION */;
/*!40111 SET SQL_NOTES=@OLD_SQL_NOTES */;

-- Dump completed on 2025-06-14 22:11:55
